Data,Real,Previsao
2013-01-04,149543.7,176390.61
2013-01-10,65510.1,73649.11
2013-01-11,58813.8,81757.64
2013-01-12,215235.9,170484.95
2013-01-16,296588.4,273552.28
2013-01-18,339106.5,415255.66
2013-01-21,183723.9,179569.16
2013-01-27,233458.9,174045.11
2013-01-29,82105.6,109045.2
2013-01-30,100070.0,94384.51
2013-02-02,258774.3,255620.9
2013-02-03,132163.8,139857.47
2013-02-04,83193.1,70603.75
2013-02-05,179967.6,137107.36
2013-02-06,309253.3,313215.16
2013-02-16,25796.7,100182.61
2013-02-17,118874.3,161363.03
2013-02-18,77528.0,146456.25
2013-02-21,182071.2,241662.75
2013-02-24,162910.4,174926.62
2013-02-25,94712.0,132165.22
2013-03-01,100869.6,98796.42
2013-03-03,230815.5,268835.4
2013-03-04,341354.0,386626.9
2013-03-06,232240.1,308475.72
2013-03-08,226191.2,291024.2
2013-03-12,200013.0,218449.34
2013-03-14,102248.8,144420.5
2013-03-15,35100.0,119823.89
2013-03-18,141648.2,125261.375
2013-03-21,280955.5,270188.16
2013-03-25,279457.8,336961.06
2013-04-02,140023.3,202256.88
2013-04-07,82619.8,111142.56
2013-04-10,226196.8,257351.52
2013-04-13,65452.8,83980.42
2013-04-16,20836.5,27070.932
2013-04-22,142266.3,91749.19
2013-04-23,119790.0,152322.9
2013-05-04,31002.4,57576.58
2013-05-08,36882.4,49469.402
2013-05-18,221508.7,252773.28
2013-05-23,91119.3,60282.996
2013-05-25,73552.8,77100.55
2013-05-28,224434.8,245868.9
2013-06-02,138399.4,153202.78
2013-06-05,46365.5,97136.734
2013-06-09,94223.7,154521.22
2013-06-10,57869.9,79873.58
2013-06-15,86383.3,109460.35
2013-06-19,162034.2,222722.58
2013-06-23,149460.6,102100.64
2013-06-26,121323.5,102845.69
2013-06-27,107999.0,102568.086
2013-06-28,125047.5,115978.14
2013-06-29,149061.6,162009.77
2013-06-30,94664.3,107557.17
2013-07-01,80666.3,116625.83
2013-07-02,99358.0,76203.85
2013-07-06,67876.1,117350.05
2013-07-07,68607.1,71006.81
2013-07-10,39565.7,77313.58
2013-07-11,71673.1,38229.812
2013-07-15,38007.7,44467.68
2013-07-17,62141.9,46959.457
2013-07-18,54786.6,42031.734
2013-07-19,44770.9,76607.35
2013-07-21,43228.0,63023.715
2013-07-26,58392.9,87253.53
2013-07-28,123007.4,124669.79
2013-08-01,68261.7,80719.7
2013-08-02,115758.9,122164.71
2013-08-03,96278.3,127902.1
2013-08-06,114392.3,129672.266
2013-08-09,63273.0,91213.23
2013-08-10,51977.6,63830.457
2013-08-11,57544.1,60051.234
2013-08-12,35476.9,87632.016
2013-08-13,98499.9,37652.473
2013-08-14,72027.5,49474.09
2013-08-19,66810.5,68222.695
2013-08-21,53029.5,88737.39
2013-08-30,66679.9,78639.72
2013-08-31,51094.4,58046.234
2013-09-01,101940.8,86523.42
2013-09-07,68428.5,84904.17
2013-09-08,70622.2,91067.95
2013-09-12,109382.8,141839.78
2013-09-15,79873.9,93463.34
2013-09-17,89067.0,126359.53
2013-09-18,103244.7,113389.08
2013-09-19,92190.0,56195.418
2013-09-20,80569.3,93905.16
2013-09-24,44533.5,95126.445
2013-09-27,279118.9,319764.28
2013-10-01,204944.4,211658.17
2013-10-05,30777.6,63244.445
2013-10-09,86964.8,120439.8
2013-10-10,29086.5,76602.84
2013-10-14,78357.4,81315.984
2013-10-19,164540.9,182510.88
2013-10-20,135750.7,141858.06
2013-10-22,286888.8,291589.97
2013-10-26,43786.3,40125.348
2013-10-27,76683.1,44690.47
2013-10-29,147825.5,146129.52
2013-10-30,50328.6,78638.555
2013-11-05,149300.8,186507.34
2013-11-08,184309.3,138254.02
2013-11-09,147269.6,64846.3
2013-11-14,221270.6,166551.84
2013-11-15,188117.8,169237.5
2013-11-18,167236.6,125051.61
2013-11-21,128928.5,69321.44
2013-11-22,85485.2,52120.74
2013-11-24,228506.5,159981.16
2013-11-25,259697.8,159914.53
2013-12-01,238993.1,128669.2
2013-12-02,145291.9,137202.06
2013-12-13,79989.8,110826.23
2013-12-16,141477.8,130453.42
2013-12-21,29742.4,145798.83
2013-12-24,307775.9,307973.78
2013-12-28,236012.2,273462.8
2014-01-05,259466.2,148975.55
2014-01-07,210383.8,178075.66
2014-01-09,122415.1,188813.16
2014-01-10,28211.1,166749.94
2014-01-15,190972.6,196450.62
2014-01-21,160992.0,206858.6
2014-01-25,230928.7,203278.4
2014-01-26,175551.1,191108.81
2014-02-01,290534.8,234212.7
2014-02-10,219834.5,289858.44
2014-02-16,52447.7,125043.72
2014-02-18,135706.2,192055.81
2014-02-19,79359.7,157160.55
2014-02-22,106197.6,129088.89
2014-02-23,258931.8,120480.516
2014-02-24,200370.7,223125.1
2014-03-02,321097.3,277176.16
2014-03-03,353232.8,308420.0
2014-03-09,204761.7,118310.25
2014-03-10,174380.4,147453.38
2014-03-12,67506.2,106611.84
2014-03-13,22242.4,96824.81
2014-03-16,82189.8,76227.016
2014-03-18,76499.1,114725.3
2014-03-19,78760.6,71356.92
2014-03-22,245014.8,161111.1
2014-03-23,91478.1,120328.19
2014-03-29,19651.7,87336.21
2014-03-30,198436.2,93024.06
2014-04-06,58501.0,66046.984
2014-04-10,81678.1,89692.914
2014-04-12,55125.5,58656.0
2014-04-14,55714.2,71360.27
2014-04-17,33762.0,72476.44
2014-04-20,46854.8,33197.83
2014-04-27,135720.4,140352.9
2014-04-28,117533.7,110377.95
2014-05-04,65640.3,71012.125
2014-05-05,33791.8,62237.957
2014-05-09,115226.0,122811.24
2014-05-10,125902.2,136797.19
2014-05-14,211209.0,157092.69
2014-05-19,100948.1,131479.84
2014-05-20,168854.9,126119.71
2014-05-24,105984.2,150041.25
2014-05-25,147317.2,169584.72
2014-05-26,116693.0,145267.47
2014-05-30,128687.2,162699.8
2014-06-15,197836.5,142410.0
2014-06-16,163785.2,125237.125
2014-06-20,35480.6,63698.29
2014-06-22,32266.8,45474.555
2014-06-26,79114.0,101528.66
2014-07-01,134749.5,166395.83
2014-07-02,124885.3,142906.95
2014-07-05,111356.9,96131.805
2014-07-07,142864.9,173872.38
2014-07-09,163273.0,114709.445
2014-07-12,71676.4,89520.03
2014-07-13,95948.4,114961.95
2014-07-15,42961.6,74583.4
2014-07-19,179928.2,176189.38
2014-07-22,54746.3,65079.613
2014-07-25,57472.2,64220.406
2014-07-26,38669.9,45411.79
2014-07-28,72978.4,86314.4
2014-07-30,95363.7,77160.625
2014-07-31,29406.0,114730.16
2014-08-03,54076.1,106542.484
2014-08-05,126484.6,140686.84
2014-08-08,110352.0,116600.91
2014-08-09,72852.9,96881.32
2014-08-21,58794.8,85017.52
2014-08-23,57108.6,86933.445
2014-08-25,97780.7,89153.44
2014-08-26,155085.5,104963.484
2014-08-29,101126.8,106626.516
2014-09-01,35857.2,70767.97
2014-09-06,41796.3,73276.945
2014-09-07,39335.2,84817.53
2014-09-08,25103.0,72698.3
2014-09-17,215637.4,245739.1
2014-09-27,52083.1,84411.305
2014-10-03,16237.8,87347.39
2014-10-08,257755.4,241168.12
2014-10-10,13379.7,59822.145
2014-10-16,296061.9,292672.56
2014-10-20,66777.4,119137.47
2014-10-21,24244.6,100585.59
2014-10-23,84244.2,108026.016
2014-10-31,139901.3,112247.734
2014-11-05,143082.5,140320.8
2014-11-11,273782.4,214781.73
2014-11-13,317622.8,290309.25
2014-11-14,173536.9,168553.84
2014-11-15,268366.5,175552.28
2014-11-17,90329.9,107256.47
2014-11-26,113054.1,104178.31
2014-11-28,111539.9,141771.55
2014-12-05,63323.4,44195.92
2014-12-10,95694.3,91923.34
2014-12-17,146996.3,127967.31
2014-12-23,38016.5,112972.94
2014-12-25,109660.8,91999.664
2014-12-26,74540.0,94976.35
2015-01-01,43442.2,64134.88
2015-01-03,12721.8,38742.387
2015-01-05,21393.1,14621.811
2015-01-07,19586.5,81681.7
2015-01-08,30997.3,67915.84
2015-01-10,40607.0,46835.367
2015-01-16,164359.2,138626.77
2015-01-18,175148.0,41634.477
2015-01-20,173428.5,130259.73
2015-01-25,99277.3,83889.0
2015-01-26,123147.3,47062.867
2015-01-29,296198.9,223774.75
2015-01-30,383693.9,456100.97
2015-02-02,312730.8,267683.9
2015-02-04,286473.2,278285.22
2015-02-07,115027.2,93591.516
2015-02-08,210415.4,157004.95
2015-02-19,99708.5,110834.39
2015-02-24,291385.3,235737.75
2015-02-28,189067.5,127073.31
2015-03-02,88517.3,64177.652
2015-03-05,293114.7,223867.48
2015-03-09,37658.7,31245.752
2015-03-13,204854.4,148940.2
2015-03-17,145944.5,119325.36
2015-03-18,135550.0,140255.44
2015-03-20,225070.8,161440.77
2015-03-22,193935.6,113633.81
2015-03-24,314042.2,296840.47
2015-03-25,300719.0,302332.53
2015-03-26,226717.2,205411.77
2015-03-27,130518.6,144702.14
2015-03-31,177892.2,123205.04
2015-04-01,165466.2,118692.11
2015-04-02,142381.4,137175.19
2015-04-13,186240.2,143366.88
2015-04-15,46881.9,68881.77
2015-04-22,54720.8,110456.94
2015-04-23,21545.4,36307.73
2015-04-24,67236.0,52064.26
2015-04-26,150741.6,220527.28
2015-05-01,132303.4,81825.414
2015-05-11,29696.8,33046.504
2015-05-16,155481.1,129870.85
2015-05-18,102696.8,105660.66
2015-05-19,267774.9,275365.0
2015-05-21,174816.6,140516.23
2015-05-23,152077.7,126153.05
2015-05-25,132023.1,96193.1
2015-05-28,57402.4,52648.87
2015-06-02,51139.0,66793.97
2015-06-04,48818.5,45755.316
2015-06-06,61437.2,32019.887
2015-06-11,59090.2,101946.4
2015-06-12,63605.5,91871.25
2015-06-16,54630.8,65286.895
2015-06-20,99071.2,64390.816
2015-06-26,48673.4,74000.48
2015-06-28,57006.8,75807.695
2015-06-30,48525.8,79457.484
2015-07-03,72240.2,75219.195
2015-07-05,92020.5,100430.7
2015-07-08,90608.9,82948.08
2015-07-14,65239.1,78014.39
2015-07-16,111539.1,106091.94
2015-07-18,85972.0,115592.31
2015-07-19,80231.0,100739.53
2015-07-20,73916.1,105992.17
2015-07-22,122736.8,143496.97
2015-07-25,123599.8,142848.78
2015-07-30,55254.0,97282.875
2015-08-02,62456.6,63371.52
2015-08-10,58154.6,82674.05
2015-08-11,66731.0,76073.94
2015-08-14,171707.8,195586.6
2015-08-26,102327.4,69709.8
2015-08-27,139676.8,107813.83
2015-08-31,38148.8,92024.84
2015-09-07,50961.8,37319.88
2015-09-09,44406.8,55447.074
2015-09-16,315917.7,325749.53
2015-09-21,55885.8,83791.72
2015-09-28,98963.5,71767.625
2015-09-30,59297.7,65869.97
2015-10-02,80540.2,98617.945
2015-10-04,336339.5,281069.62
2015-10-07,65519.4,94852.31
2015-10-12,169385.4,91470.36
2015-10-18,169152.1,156135.77
2015-10-19,87596.9,140311.4
2015-10-23,62616.0,79341.8
2015-10-24,23984.9,73730.234
2015-10-26,170321.0,162513.16
2015-10-28,224638.6,183624.06
2015-10-30,240381.4,163714.17
2015-11-02,144323.9,156744.56
2015-11-04,208691.4,174098.58
2015-11-11,6806.4,62649.047
2015-11-12,11260.2,61583.72
2015-11-14,91953.3,105900.73
2015-11-17,42942.3,66069.55
2015-11-22,219640.7,173510.22
2015-11-25,279384.4,208830.47
2015-11-26,262388.8,187009.31
2015-11-27,127445.9,143894.56
2015-12-01,59179.6,105755.83
2015-12-04,20244.4,102342.06
2015-12-08,56089.5,77455.766
2015-12-10,55987.3,99594.58
2015-12-11,70141.0,105670.51
2015-12-13,251697.4,182990.58
2015-12-14,297518.7,264857.94
2015-12-15,286908.9,215933.9
2015-12-18,176092.5,159127.3
2015-12-20,89651.3,122837.11
2015-12-24,105169.7,116671.85
2015-12-31,51431.1,63022.19
2016-01-03,329593.5,240427.39
2016-01-05,280685.9,243976.64
2016-01-06,278678.9,212695.06
2016-01-13,156390.6,96257.36
2016-01-14,160006.3,129174.63
2016-01-15,162807.8,144694.97
2016-01-17,131010.7,116178.664
2016-01-19,78737.7,115503.38
2016-01-22,43995.2,77290.59
2016-01-23,105799.0,87261.44
2016-01-25,125338.7,95772.09
2016-01-26,20896.7,52109.832
2016-02-01,40583.3,88393.0
2016-02-06,266056.1,189990.6
2016-02-10,344290.9,336012.03
2016-02-13,373828.5,391790.38
2016-02-16,112138.3,158772.52
2016-02-24,209713.9,184198.6
2016-02-27,256090.4,330681.16
2016-03-06,202252.9,237262.64
2016-03-08,121989.3,186324.75
2016-03-10,261722.8,286772.97
2016-03-12,72631.3,89750.93
2016-03-13,94075.7,89086.15
2016-03-20,19674.1,47613.1
2016-03-22,114646.1,149178.62
2016-03-23,103525.8,102760.01
2016-03-24,96917.5,113867.75
2016-03-25,108130.4,86787.85
2016-03-27,203060.2,193987.31
2016-04-03,238828.8,224171.98
2016-04-05,212339.6,237020.06
2016-04-06,118667.0,121274.28
2016-04-07,162395.3,160142.48
2016-04-10,290093.8,245002.33
2016-04-18,233497.0,148268.02
2016-04-22,11940.9,32038.764
2016-04-28,41958.3,66923.64
2016-04-29,64726.2,60894.0
2016-05-01,151875.0,156707.19
2016-05-09,219729.2,233205.05
2016-05-10,244712.0,191713.0
2016-05-14,118489.7,141048.66
2016-05-16,44065.6,66226.36
2016-05-19,146203.1,111767.43
2016-05-21,85716.4,84996.86
2016-05-23,60604.6,75088.54
2016-05-25,60780.0,112544.266
2016-05-30,70903.4,123802.21
2016-06-12,131380.5,143405.27
2016-06-15,278027.3,234603.34
2016-06-17,112530.8,169654.95
2016-06-18,135861.4,138343.02
2016-06-20,47016.2,65170.992
2016-06-25,135473.9,104636.71
2016-06-27,106550.2,111495.484
2016-06-29,142337.7,122760.11
2016-07-05,24281.4,41017.473
2016-07-08,75693.6,90244.77
2016-07-15,150179.8,138766.06
2016-07-16,60300.6,54008.906
2016-07-19,55689.8,48458.977
2016-07-20,93245.5,110902.81
2016-07-22,169695.0,168825.86
2016-07-25,67716.7,54011.207
2016-08-05,137049.7,114150.41
2016-08-16,64612.7,69786.78
2016-08-17,105656.1,122404.875
2016-08-18,85790.1,93272.39
2016-08-26,73232.0,26739.875
2016-08-30,128655.5,91813.72
2016-09-01,60445.3,67422.3
2016-09-02,34769.2,50380.543
2016-09-03,31889.3,60883.293
2016-09-05,38757.2,69380.64
2016-09-09,145457.0,145724.44
2016-09-10,95876.6,118698.28
2016-09-15,128516.3,133621.7
2016-09-16,101331.0,93880.69
2016-09-21,48454.2,72188.984
2016-09-25,73780.1,101688.31
2016-10-01,83453.7,103044.17
2016-10-05,46895.4,42774.785
2016-10-08,72017.7,97331.09
2016-10-12,45962.1,98834.17
2016-10-13,84808.7,130971.64
2016-10-26,93490.0,144352.05
2016-10-27,149457.5,136053.84
2016-10-28,108592.0,130578.516
2016-10-30,56459.1,92783.47
2016-11-02,86741.8,120789.484
2016-11-06,175744.9,178227.62
2016-11-10,121501.6,95425.625
2016-11-15,236510.9,216900.25
2016-11-16,69075.5,129014.836
2016-11-17,36426.4,35619.395
2016-11-18,116049.4,104271.984
2016-11-21,215180.5,246469.64
2016-11-26,176901.3,208088.61
2016-11-28,47445.7,75984.75
2016-11-30,362432.0,258018.62
2016-12-01,169423.8,214523.28
2016-12-03,340547.9,251795.52
2016-12-10,173880.1,188636.47
2016-12-18,253930.0,259447.62
2016-12-20,100857.3,75823.55
2016-12-22,27481.5,77843.03
2016-12-28,108042.8,123175.016
2016-12-30,53101.0,130710.95
2016-12-31,21167.7,111587.85
2017-01-04,18479.1,63416.34
2017-01-10,301687.3,214628.28
2017-01-11,138301.9,118046.266
2017-01-17,135915.0,101779.12
2017-01-23,109223.2,106837.29
2017-01-26,227024.5,192949.44
2017-01-30,207811.4,172566.19
2017-02-09,197041.2,173158.88
2017-02-10,156741.5,183211.12
2017-02-11,276972.4,225729.89
2017-02-13,171770.4,200395.47
2017-02-15,167931.4,149681.62
2017-02-21,223283.7,178811.83
2017-02-22,104112.0,129385.44
2017-02-23,63677.2,56463.77
2017-02-25,55100.3,72573.0
2017-03-01,67508.1,73544.2
2017-03-16,144801.6,162243.31
2017-03-17,140099.1,133573.78
2017-03-20,157820.1,152276.1
2017-03-21,230842.4,215887.33
2017-03-22,291136.5,252016.6
2017-03-23,102703.1,207457.7
2017-03-29,84831.8,92628.97
2017-04-03,60273.4,58993.434
2017-04-05,195294.2,145669.67
2017-04-06,211379.5,166224.92
2017-04-10,123939.0,140114.72
2017-04-11,35457.2,41497.176
2017-04-16,91328.0,21604.373
2017-04-17,43601.6,55108.492
2017-04-19,305860.5,146909.03
2017-04-22,87262.1,113944.92
2017-04-25,115035.5,99634.86
2017-05-01,43179.6,97945.734
2017-05-03,38218.4,91795.16
2017-05-05,213950.1,208303.39
2017-05-06,92538.9,129803.8
2017-05-09,85170.9,155478.4
2017-05-11,301665.7,282642.1
2017-05-15,32481.7,54474.72
2017-05-16,26371.0,47352.055
2017-05-21,195789.1,149114.08
2017-05-23,126675.1,101515.05
2017-05-24,104921.9,90347.11
2017-06-03,178272.2,180356.03
2017-06-04,218050.6,225317.7
2017-06-05,146179.0,151736.06
2017-06-06,121811.9,146057.98
2017-06-07,65249.9,54329.14
2017-06-08,81507.2,95310.59
2017-06-15,66877.4,73657.0
2017-06-18,40144.2,49639.285
2017-06-19,78759.1,102961.75
2017-06-24,84186.3,98100.34
2017-07-04,109487.3,100377.67
2017-07-09,123486.4,131028.37
2017-07-12,66412.0,89788.63
2017-07-13,68783.7,89429.61
2017-07-15,92800.1,52544.926
2017-07-21,188430.0,183616.5
2017-08-03,139760.0,114814.94
2017-08-05,146731.8,152898.02
2017-08-06,136061.1,83882.37
2017-08-15,137689.2,120583.24
2017-08-19,129779.0,112811.41
2017-08-20,148245.4,71801.12
2017-08-22,50254.0,108253.52
2017-08-25,36947.9,66227.91
2017-09-02,133764.9,122720.62
2017-09-03,106037.2,118132.08
2017-09-14,191163.7,149906.66
2017-09-17,100213.5,108963.766
2017-09-18,140988.6,127810.64
2017-09-20,40018.4,55315.758
2017-09-23,56297.8,47467.06
2017-09-25,106267.7,99423.61
2017-09-28,34757.5,63929.414
2017-09-29,52228.5,101504.06
2017-10-01,126035.3,95333.984
2017-10-02,53409.0,104285.375
2017-10-06,74867.7,89126.734
2017-10-08,34634.7,64037.55
2017-10-09,13594.1,77212.766
2017-10-13,7856.0,56277.574
2017-10-14,70366.2,112026.22
2017-10-15,233680.2,197931.48
2017-10-16,107120.4,123984.766
2017-10-17,113518.6,146963.72
2017-10-19,68683.8,47587.38
2017-10-22,103078.7,110559.64
2017-10-24,125798.5,111027.45
2017-10-30,219056.5,175504.44
2017-11-06,112461.9,140777.42
2017-11-08,226129.8,156704.61
2017-11-14,218448.1,160746.08
2017-11-16,15665.2,73538.28
2017-11-18,74869.5,93464.22
2017-11-23,276454.7,262855.72
2017-11-28,51099.2,93155.555
2017-12-02,91971.7,161207.4
2017-12-12,96581.0,106301.1
2017-12-16,156666.9,160507.16
2017-12-17,97623.8,150977.12
2017-12-20,119996.1,130345.79
2017-12-22,80796.3,72899.84
2017-12-27,338503.3,362950.6
2017-12-31,285149.4,219112.75
2018-01-07,268514.5,207122.27
2018-01-08,80633.4,110712.8
2018-01-09,222073.5,141889.4
2018-01-10,313493.7,237864.44
2018-01-11,256318.3,234392.47
2018-01-13,154203.9,139917.81
2018-01-15,70476.7,52052.223
2018-01-17,168841.1,135432.6
2018-01-18,94371.1,95323.05
2018-01-22,108476.4,79967.67
2018-01-24,50675.8,57394.195
2018-02-08,97115.7,138065.9
2018-02-16,46909.4,71813.5
2018-02-18,199199.6,125792.516
2018-02-19,103645.7,126898.89
2018-02-20,128023.0,127460.56
2018-02-23,96059.9,136376.17
2018-02-25,63101.0,128979.945
2018-03-01,328786.2,353794.16
2018-03-04,216929.9,219323.97
2018-03-10,365185.0,344280.7
2018-03-13,212900.3,171323.78
2018-03-15,303239.3,290732.78
2018-03-16,213735.4,228259.47
2018-04-03,359196.8,333708.3
2018-04-04,271927.1,281613.0
2018-04-09,185031.1,206618.5
2018-04-17,46308.8,81581.625
2018-04-24,80114.8,52409.582
2018-04-25,122878.7,103937.6
2018-04-26,132699.0,77612.18
2018-04-28,92178.0,164137.9
2018-05-05,86389.5,104166.49
2018-05-06,49209.1,61274.406
2018-05-08,120834.1,102879.24
2018-05-10,129269.2,80197.78
2018-05-18,81129.9,13610.574
2018-05-19,57480.9,53666.617
2018-05-22,20490.9,22635.6
2018-05-24,76050.8,19167.635
2018-05-25,31900.0,70258.3
2018-05-29,49439.5,109993.375
2018-05-30,59316.3,108275.22
2018-06-05,103432.2,156070.02
2018-06-06,88773.5,131456.12
2018-06-10,125886.2,138571.3
2018-06-14,96595.6,95484.34
2018-06-29,34762.9,50022.79
2018-06-30,47930.8,74566.984
2018-07-01,103822.2,117970.54
2018-07-07,70518.1,95182.54
2018-07-08,61484.1,67137.83
2018-07-11,53850.4,86002.44
2018-07-12,68234.4,64611.67
2018-07-13,48887.8,60693.855
2018-07-16,75049.0,100952.266
2018-07-22,75736.7,72516.19
2018-07-28,95770.9,114917.26
2018-07-31,79796.7,106807.36
2018-08-11,68943.0,85296.04
2018-08-12,108061.3,120337.87
2018-08-23,71274.0,78726.75
2018-08-25,107186.0,104475.234
2018-08-29,127692.0,133126.27
2018-09-01,111404.8,96396.766
2018-09-02,69209.8,61550.465
2018-09-12,38900.7,32764.041
2018-09-18,38807.6,77021.19
2018-09-28,39842.3,63949.87
2018-09-30,60935.8,71351.39
2018-10-01,169358.3,109999.59
2018-10-02,189505.1,198508.7
2018-10-03,95984.8,136391.94
2018-10-04,51225.7,44065.758
2018-10-07,212461.0,114236.71
2018-10-08,193995.8,158073.33
2018-10-12,186993.9,168238.66
2018-10-15,142403.7,105860.06
2018-10-16,21765.9,101129.67
2018-10-17,58671.1,64927.13
2018-10-22,105325.5,137675.81
2018-10-23,155140.1,152196.81
2018-10-24,37772.5,104684.35
2018-10-26,21847.8,42596.94
2018-10-29,223678.4,262177.16
2018-11-01,119256.3,106148.82
2018-11-04,162966.8,135168.38
2018-11-05,312581.3,259491.16
2018-11-06,305982.6,292326.34
2018-11-23,135912.9,130910.67
2018-11-29,180686.7,178595.2
2018-12-01,118208.2,48584.77
2018-12-08,147654.6,91110.945
2018-12-10,127101.4,153277.17
2018-12-11,45183.8,55258.508
2018-12-12,133301.2,154573.44
2018-12-15,262492.2,235394.77
2018-12-16,265782.3,257333.33
2018-12-18,280305.5,188669.03
2018-12-22,55915.9,155897.5
2018-12-25,103779.0,128105.81
2018-12-29,261293.8,208769.69
2018-12-30,258629.5,219594.12
2019-01-08,142505.0,119367.69
2019-01-09,130222.1,121012.03
2019-01-15,56765.9,86161.45
2019-01-19,221413.1,146315.86
2019-01-21,126804.1,139529.12
2019-01-23,407611.3,390656.6
2019-01-26,69476.8,50295.56
2019-01-28,298633.9,268210.66
2019-02-03,75994.5,131213.31
2019-02-04,13839.9,62615.605
2019-02-05,4759.5,65678.2
2019-02-08,64268.6,56631.18
2019-02-11,128982.1,116275.03
2019-02-14,286147.0,157125.31
2019-02-15,132888.9,148141.64
2019-02-20,82589.5,90167.23
2019-02-22,256997.1,184039.9
2019-03-03,194118.1,106065.59
2019-03-04,136272.4,156073.12
2019-03-05,273185.1,241884.94
2019-03-13,274669.7,228693.78
2019-03-20,198405.1,156195.72
2019-03-24,133258.7,132021.83
2019-03-26,331071.8,221577.84
2019-03-28,137525.1,141928.6
2019-03-30,34315.0,78561.125
2019-04-02,87334.8,105740.1
2019-04-04,160533.5,141561.19
2019-04-05,205416.3,214513.28
2019-04-06,308493.4,284107.28
2019-04-07,196440.1,215502.78
2019-04-08,206792.1,207501.56
2019-04-13,29588.3,60501.027
2019-04-15,161280.2,138804.23
2019-04-16,100753.0,130225.99
2019-04-20,222286.4,150355.47
2019-04-26,118321.4,193011.19
2019-04-27,79197.0,105997.89
2019-04-30,73385.6,75503.734
2019-05-03,97919.4,51489.637
2019-05-05,60124.8,64118.527
2019-05-06,45399.8,96375.875
2019-05-07,189515.4,148392.31
2019-05-12,208762.2,153671.34
2019-05-14,121624.0,40363.277
2019-05-23,149689.7,151944.12
2019-05-26,133080.9,146060.11
2019-05-31,68118.6,54416.86
2019-06-01,68261.9,62703.055
2019-06-02,88521.1,105710.4
2019-06-03,98352.6,105119.47
2019-06-04,190697.8,190524.34
2019-06-07,149270.0,184407.69
2019-06-08,100679.0,159492.38
2019-06-09,136418.1,160230.44
2019-06-10,155181.6,181449.39
2019-06-12,140851.8,189524.44
2019-06-13,119542.0,159914.7
2019-06-16,63296.7,92393.8
2019-06-18,237032.8,207864.78
2019-06-19,81032.4,154874.44
2019-06-20,92486.3,138667.03
2019-06-21,88768.4,121811.11
2019-07-01,103111.7,109410.016
2019-07-04,58137.4,82669.12
2019-07-06,40428.5,91598.3
2019-07-07,38711.1,89538.26
2019-07-09,59926.9,65292.59
2019-07-10,78116.5,53928.348
2019-07-12,48274.1,42877.55
2019-07-19,99551.6,119316.27
2019-07-21,86274.3,96725.14
2019-07-24,71878.8,84907.1
2019-07-28,89061.8,113463.875
2019-08-02,101752.1,99786.68
2019-08-03,127871.7,113000.64
2019-08-04,107731.0,136325.69
2019-08-05,108642.8,108411.38
2019-08-06,72487.5,98620.16
2019-08-08,203442.5,173870.56
2019-08-09,169991.4,188975.0
2019-08-10,98983.8,149340.5
2019-08-15,137797.0,115417.734
2019-08-23,88445.1,33707.285
2019-08-25,65125.8,52390.582
2019-08-27,34159.5,76796.03
2019-08-31,61790.9,80641.984
2019-09-01,79642.8,74585.3
2019-09-06,232393.6,208682.1
2019-09-07,192899.5,142546.53
2019-09-09,125649.3,179592.9
2019-09-10,284909.8,241865.19
2019-09-11,216346.4,166702.25
2019-09-16,22138.7,37645.387
2019-09-22,93071.0,156224.78
2019-09-26,71957.5,78481.19
2019-10-04,57651.5,94408.2
2019-10-05,79606.8,79534.76
2019-10-14,232992.0,239654.31
2019-10-17,162159.7,215513.06
2019-10-18,96714.4,130649.664
2019-10-23,234111.3,216181.28
2019-10-27,115362.9,128350.22
2019-10-28,103811.3,118612.77
2019-11-03,348818.0,350040.5
2019-11-07,320515.2,246593.0
2019-11-08,209664.4,167577.7
2019-11-10,288023.5,257424.98
2019-11-12,266547.3,172700.88
2019-11-14,405723.1,380385.53
2019-11-16,150932.6,150439.67
2019-11-19,68266.5,62228.51
2019-11-22,415542.8,376420.0
2019-12-01,288769.9,230365.22
2019-12-05,243773.8,163199.19
2019-12-07,18826.4,45683.18
2019-12-08,70962.3,61818.953
2019-12-09,98672.5,77472.98
2019-12-12,389776.9,336104.53
2019-12-19,367424.1,500696.28
2019-12-27,106618.8,103566.59
2019-12-29,92990.2,101268.266
2019-12-31,13263.1,58976.3
2020-01-10,188112.5,151761.27
2020-01-12,4141.8,59928.062
2020-01-14,274179.9,254760.78
2020-01-18,307958.3,230892.86
2020-01-19,341758.1,262378.6
2020-01-21,346979.6,263292.1
2020-01-22,252543.9,208483.03
2020-01-25,52370.4,38506.59
2020-01-26,92338.3,70470.19
2020-01-27,322299.1,239428.02
2020-01-28,228530.8,214357.72
2020-01-31,183207.2,163114.25
2020-02-01,146252.1,94764.75
2020-02-02,102440.6,62383.22
2020-02-05,216546.8,112044.67
2020-02-08,62709.4,68642.34
2020-02-13,54492.9,44033.703
2020-02-17,187450.6,172404.78
2020-02-23,46630.7,55782.67
2020-02-24,57543.5,56907.137
2020-03-02,344637.7,378146.28
2020-03-03,328007.9,252913.81
2020-03-10,31668.4,49599.41
2020-03-16,353907.1,283941.66
2020-03-18,192201.2,159599.12
2020-03-19,81921.1,55049.89
2020-03-22,44889.1,67307.37
2020-03-25,89175.7,75341.74
2020-04-01,103665.3,132597.45
2020-04-03,38127.9,38594.45
2020-04-04,297061.6,179870.34
2020-04-06,84509.9,121362.78
2020-04-11,19830.6,47133.754
2020-04-12,57212.9,62245.617
2020-04-13,60108.6,43663.676
2020-04-16,320856.1,242556.22
2020-04-21,107703.1,118819.445
2020-04-24,38802.5,32712.604
2020-04-27,69192.5,71719.17
2020-04-30,261352.9,202833.78
2020-05-03,147260.8,114862.2
2020-05-04,286033.0,216371.73
2020-05-05,97154.6,133284.78
2020-05-10,71827.0,116702.53
2020-05-15,92143.5,81369.06
2020-05-16,119651.9,106776.3
2020-05-21,54928.6,54532.035
2020-05-23,96652.0,92627.92
2020-05-31,45010.4,44262.145
2020-06-12,248211.0,203986.27
2020-06-13,74601.4,132672.17
2020-06-14,50146.3,94418.11
2020-06-16,124205.7,121697.35
2020-06-17,92437.5,120924.69
2020-06-24,60544.6,59835.434
2020-07-02,179653.2,177491.16
2020-07-15,190320.7,113467.95
2020-07-27,108901.4,108301.17
2020-07-30,43683.8,80163.73
2020-08-04,113007.1,115779.39
2020-08-05,54179.6,102997.04
2020-08-06,67184.5,90337.38
2020-08-07,40897.4,88789.0
2020-08-23,128743.0,107382.17
2020-08-27,166259.3,132573.5
2020-08-28,264075.2,225568.78
2020-09-02,90509.8,41713.875
2020-09-04,52904.9,49043.945
2020-09-09,47380.2,47599.293
2020-09-11,38032.4,26660.178
2020-09-17,119214.9,113344.44
2020-09-19,133475.2,103482.86
2020-09-21,40120.1,73039.96
2020-09-23,86899.6,75336.31
2020-09-25,274283.7,140212.31
2020-09-27,168410.4,179325.17
2020-09-29,27205.4,44904.84
2020-10-02,396667.7,355116.2
2020-10-10,161558.7,65832.914
2020-10-14,220711.9,161664.28
2020-10-21,221895.2,261540.45
2020-10-24,201871.6,122263.52
2020-10-26,146491.9,226683.8
2020-10-28,52494.4,88629.94
2020-11-04,293740.8,261252.81
2020-11-07,225841.3,275511.28
2020-11-08,259337.3,276359.03
2020-11-10,31658.0,16154.64
2020-11-15,208549.9,178805.34
2020-11-16,23121.8,75120.484
2020-11-19,127271.3,131431.17
2020-11-23,17236.1,112804.91
2020-11-24,97989.5,124502.34
2020-11-27,86910.8,211357.23
2020-11-29,197490.7,196564.5
2020-12-02,167459.0,122305.23
2020-12-04,274745.3,343431.22
2020-12-05,182152.3,190446.34
2020-12-07,389376.6,388362.03
2020-12-10,320426.2,299412.03
2020-12-11,416601.4,434825.75
2020-12-15,224538.6,185178.81
2020-12-16,204008.8,212746.17
2020-12-18,181727.2,168082.22
2020-12-23,112708.2,58210.996
2020-12-26,190792.9,233280.72
2020-12-28,316308.0,336199.4
2020-12-29,228798.2,197919.19
2021-01-04,35973.9,66050.94
2021-01-06,100346.8,123109.87
2021-01-14,166351.0,76704.47
2021-01-16,53500.4,73720.39
2021-01-17,21979.1,68913.65
2021-01-18,37693.2,95301.555
2021-01-19,260397.2,169912.2
2021-01-28,113105.1,19342.9
2021-02-08,376472.1,327260.72
2021-02-19,340201.2,298982.22
2021-02-20,334497.5,367353.62
2021-02-21,202262.3,190047.86
2021-02-22,75665.0,116119.2
2021-02-25,70974.1,125892.97
2021-03-02,45371.7,48615.367
2021-03-07,44040.3,68743.85
2021-03-08,98300.8,74934.086
2021-03-09,84772.9,100152.95
2021-03-23,58502.4,47924.668
2021-03-24,46001.7,48146.727
2021-03-31,291573.9,191451.75
2021-04-08,73686.7,124259.06
2021-04-13,61745.6,95023.64
2021-04-16,45174.4,81837.766
2021-04-24,226379.5,272250.1
2021-04-25,85597.1,150494.9
2021-04-26,29652.8,75491.14
2021-04-30,108852.6,142409.02
2021-05-01,119714.2,165546.05
2021-05-04,86938.1,100262.93
2021-05-07,43962.2,64577.625
2021-05-16,232330.6,201721.6
2021-05-28,55988.3,57803.18
2021-06-01,35404.3,80325.55
2021-06-02,67956.8,83504.98
2021-06-10,85676.5,82032.164
2021-06-12,145133.1,51060.902
2021-06-13,107735.8,40845.19
2021-06-22,165555.3,148103.5
2021-06-26,78825.9,105548.72
2021-07-01,46962.1,59705.684
2021-07-04,130327.9,84622.664
2021-07-06,133014.6,143790.69
2021-07-08,106448.0,107612.85
2021-07-14,112426.7,80855.73
2021-07-15,121517.9,92530.28
2021-07-18,118641.6,125347.97
2021-07-22,50374.6,50395.06
2021-07-30,191051.4,123486.18
2021-07-31,273047.5,195545.81
2021-08-02,54076.5,85112.445
2021-08-05,154862.3,91802.53
2021-08-06,152282.6,140070.86
2021-08-07,172856.3,155660.66
2021-08-09,61865.1,65281.15
2021-08-12,62875.8,57830.84
2021-08-13,50820.0,53526.137
2021-08-25,52848.4,143316.1
2021-08-26,38153.6,48183.715
2021-08-29,51306.2,82827.7
2021-08-30,42836.4,62657.965
2021-08-31,41039.5,60486.42
2021-09-02,36018.3,71425.62
2021-09-03,46787.2,57841.625
2021-09-11,12434.7,61198.145
2021-09-21,295843.8,218729.66
2021-09-25,121417.2,184938.84
2021-10-04,108879.9,91238.38
2021-10-07,54219.7,102953.516
2021-10-16,55412.2,49977.688
2021-10-20,155748.0,96700.97
2021-10-22,178352.1,159720.12
2021-10-23,60869.3,110388.01
2021-10-25,53940.6,72218.76
2021-10-29,275889.4,338576.53
2021-10-30,187611.7,308000.22
2021-11-05,151506.7,163198.23
2021-11-13,66739.9,114548.8
2021-11-15,146411.1,143763.55
2021-11-16,184380.8,183621.86
2021-11-17,272133.6,219116.17
2021-11-30,11711.5,87440.766
2021-12-01,231940.1,69926.55
2021-12-02,304787.0,279098.5
2021-12-08,401491.5,372420.94
2021-12-10,337261.4,287872.78
2021-12-11,145205.6,106695.69
2021-12-12,73292.2,167978.14
2021-12-14,165249.8,193303.31
2021-12-16,224232.6,203896.4
2021-12-25,184368.7,234159.6
2021-12-26,296199.3,304256.62
2021-12-29,79143.6,137856.47
2022-01-01,234744.8,190153.31
2022-01-04,353446.6,223778.7
2022-01-05,282358.9,189383.95
2022-01-08,139860.3,55054.367
2022-01-09,262894.2,180034.6
2022-01-20,156836.8,127037.43
2022-01-23,126173.0,189991.16
2022-02-12,23723.2,31874.488
2022-02-14,213465.8,155807.5
2022-02-17,76581.2,84798.836
2022-02-18,151055.4,103054.19
2022-02-19,276529.8,251900.28
2022-02-21,139716.7,110839.56
2022-02-22,146385.8,147744.55
2022-02-23,102089.0,118378.81
2022-02-25,242615.6,201009.31
2022-02-27,24758.2,63267.26
2022-03-04,205416.4,254010.98
2022-03-05,58636.4,74435.13
2022-03-07,89669.8,100506.36
2022-03-11,231115.1,236862.52
2022-03-13,126169.2,142333.6
2022-03-20,267029.8,267428.38
2022-03-25,208068.8,226215.22
2022-03-26,121557.5,167965.12
2022-04-01,160052.1,192927.22
2022-04-04,330620.5,324864.9
2022-04-09,58542.6,133031.6
2022-04-11,279424.4,319248.5
2022-04-13,95828.4,138232.14
2022-04-18,203058.2,205160.33
2022-04-23,191069.4,214528.23
2022-05-01,169609.4,152015.89
2022-05-04,118343.0,146211.28
2022-05-06,44528.5,49063.8
2022-05-12,42545.5,20173.357
2022-05-13,19649.1,17282.615
2022-05-15,213059.2,256206.48
2022-05-20,80929.4,106752.64
2022-05-24,251157.2,245374.4
2022-05-25,132263.8,160138.67
2022-05-29,50552.5,156165.12
2022-06-06,86007.3,74103.83
2022-06-16,82950.4,78027.66
2022-06-20,113700.0,151661.75
2022-06-21,52639.9,76034.91
2022-06-29,209808.1,212759.97
2022-07-03,39809.5,107666.6
2022-07-05,86923.4,54713.402
2022-07-06,120371.7,49894.84
2022-07-07,170184.5,150518.81
2022-07-08,126026.6,155444.25
2022-07-09,90850.5,59667.895
2022-07-19,120678.3,117824.37
2022-07-24,71305.5,87068.016
2022-07-28,175455.3,147182.19
2022-08-01,56431.1,79933.7
2022-08-02,52003.3,92290.37
2022-08-03,57539.7,62882.13
2022-08-16,227402.1,225965.6
2022-08-18,128234.4,122503.86
2022-08-23,89914.6,52887.312
2022-08-27,63050.8,93240.516
2022-08-28,42314.7,83772.59
2022-09-03,117134.0,115452.71
2022-09-09,38803.3,76503.33
2022-09-14,166169.9,255510.75
2022-09-15,32480.7,92371.9
2022-09-23,85946.4,73370.234
2022-09-24,205044.1,194745.9
2022-09-27,166490.5,143809.67
2022-10-02,79415.6,117184.69
2022-10-04,23805.1,62045.266
2022-10-06,76082.8,84629.86
2022-10-07,46519.6,22191.639
2022-10-11,34674.2,101122.09
2022-10-12,39238.2,45524.105
2022-10-16,166313.9,171303.67
2022-10-18,311685.2,294705.6
2022-10-20,321116.3,350567.53
2022-10-21,268907.6,294975.22
2022-10-23,337025.9,357372.9
2022-11-04,72487.4,103232.375
2022-11-08,244764.1,219808.75
2022-11-11,203462.4,168665.72
2022-11-18,270483.2,198357.53
2022-11-21,397901.6,357869.28
2022-11-24,222749.5,218200.78
2022-11-27,173615.7,74537.63
2022-11-28,189921.4,119610.555
2022-11-30,100630.0,115817.836
2022-12-04,70050.5,161610.81
2022-12-06,8295.3,92477.03
2022-12-09,110826.5,137333.27
2022-12-11,226973.5,166826.5
2022-12-14,215787.6,247961.28
2022-12-17,61173.0,147963.98
2022-12-20,318723.7,362001.7
2022-12-22,189399.3,208337.83
2022-12-25,265469.6,306791.72
2023-01-04,35587.8,119419.06
2023-01-08,388829.7,396042.22
2023-01-17,423512.3,545624.0
2023-01-20,242545.2,243746.83
2023-01-21,191559.0,179005.78
2023-01-22,166900.7,170782.83
2023-01-25,142536.6,186500.9
2023-01-27,212484.2,219498.6
2023-01-29,225857.7,206726.56
2023-01-30,142651.6,198536.02
2023-01-31,64603.5,126110.39
2023-02-05,227146.9,177760.39
2023-02-09,238927.0,257099.47
2023-02-12,245633.4,259093.38
2023-02-16,113450.5,138768.72
2023-02-20,89040.2,119793.75
2023-02-28,150621.7,165834.08
2023-03-06,143133.6,188671.17
2023-03-09,358109.5,352750.47
2023-03-10,185744.9,205078.1
2023-03-18,145969.0,187582.28
2023-03-19,42741.6,80350.53
2023-03-23,148732.9,124562.36
2023-03-24,142130.5,155831.2
2023-03-27,46102.2,90541.68
2023-03-29,223803.4,152369.5
2023-04-07,44968.5,70509.875
2023-04-09,52061.4,93975.14
2023-04-12,261649.6,198752.44
2023-04-18,99719.2,123847.91
2023-04-20,61537.8,70636.56
2023-04-21,128484.1,106876.41
2023-04-25,58933.1,64123.395
2023-04-29,163542.7,160691.03
2023-04-30,114553.4,142217.34
2023-05-03,213063.8,226037.72
2023-05-09,244642.5,235160.5
2023-05-10,230354.7,256963.36
2023-05-14,115909.8,142614.7
2023-05-16,143602.1,143459.5
2023-05-22,84632.0,106252.734
2023-05-24,105759.0,137203.53
2023-05-25,123320.8,79654.23
2023-05-27,88637.8,45083.363
2023-05-29,62410.3,85401.42
2023-06-05,27061.8,37097.867
2023-06-07,169554.2,227017.52
2023-06-08,272112.1,297928.53
2023-06-12,48924.7,106381.375
2023-06-13,138787.0,187093.36
2023-06-14,71656.7,97676.18
2023-06-15,38223.6,60110.645
2023-06-18,69430.2,76223.92
2023-06-19,39974.6,87142.766
2023-06-22,47598.8,63899.965
2023-06-23,52430.6,78196.47
2023-06-25,85113.0,114268.39
2023-06-30,202306.5,204761.84
2023-07-01,110718.3,85162.75
2023-07-08,92607.7,119639.09
2023-07-10,75186.3,91427.055
2023-07-16,125982.6,152529.52
2023-07-21,126485.0,148921.1
2023-07-22,110485.0,104869.58
2023-07-23,136585.8,120585.11
2023-07-30,124300.0,117151.836
2023-08-01,208541.3,164536.94
2023-08-02,239937.3,201990.55
2023-08-03,274841.5,267463.88
2023-08-05,87357.4,130949.266
2023-08-07,101015.0,107051.42
2023-08-10,70532.0,78788.47
2023-08-11,118096.2,99890.78
2023-08-13,129471.5,120580.16
2023-08-14,119790.8,101779.35
2023-08-18,108852.9,114684.65
2023-08-19,59836.6,92493.33
2023-08-24,64143.4,99685.945
2023-08-27,254426.9,252818.34
2023-09-06,87006.5,141114.53
2023-09-10,27678.4,55849.62
2023-09-12,38027.9,54233.74
2023-09-14,67853.3,66621.57
2023-09-17,300323.8,264873.8
2023-09-20,111763.8,86651.33
2023-09-26,31311.4,35087.137
2023-09-27,41954.8,54547.06
2023-10-02,93707.6,53103.047
2023-10-03,44080.3,71341.59
2023-10-13,164748.5,135148.4
2023-10-20,357174.6,322811.72
2023-10-24,287221.3,182430.1
2023-10-26,381564.6,347062.66
2023-10-29,269674.2,260355.22
2023-10-30,209229.6,160343.62
2023-11-04,421650.1,493031.34
2023-11-05,308740.4,255930.62
2023-11-06,149383.2,103946.25
2023-11-10,231641.2,148016.67
2023-11-11,320669.8,250982.86
2023-11-14,97890.4,88590.766
2023-11-15,52283.8,74830.2
2023-11-23,256679.7,183324.08
2023-11-24,129324.1,109550.92
2023-11-28,104980.1,150506.6
2023-12-07,292538.0,157819.1
2023-12-08,204246.1,181787.47
2023-12-11,180338.7,186311.75
2023-12-13,270950.5,193425.9
2023-12-19,99787.1,88389.7
2023-12-23,107260.0,148116.12
2023-12-26,24678.7,108588.65
2023-12-29,60597.4,136137.97
2023-12-30,139741.1,104681.04
